[
  {
    "id": "bdabc444-59d8-4242-8c61-6c252e151aad",
    "data": [
      {
        "text": "MBTI",
        "userDefined": false
      }
    ],
    "isTemplate": false,
    "count": 0,
    "updated": 0
  },
  {
    "id": "bb42d0da-d9b2-470d-99d0-862cf7798826",
    "data": [
      {
        "text": "성격",
        "userDefined": false
      }
    ],
    "isTemplate": false,
    "count": 0,
    "updated": 0
  },
  {
    "id": "a256a991-8748-4222-9cd8-c71a3662ecd0",
    "data": [
      {
        "text": "성격 분석",
        "userDefined": false
      }
    ],
    "isTemplate": false,
    "count": 0,
    "updated": 0
  },
  {
    "id": "9fa49506-5659-4351-835a-3eff3a39f7c3",
    "data": [
      {
        "text": "성격분석",
        "userDefined": false
      }
    ],
    "isTemplate": false,
    "count": 0,
    "updated": 0
  },
  {
    "id": "3476fafa-fae3-4240-9ba3-f4ae927c41cd",
    "data": [
      {
        "text": "분석",
        "userDefined": false
      }
    ],
    "isTemplate": false,
    "count": 0,
    "updated": 0
  },
  {
    "id": "0e1c5f17-4f3a-42b9-b4b0-73ae1b9a6a45",
    "data": [
      {
        "text": "설명",
        "userDefined": false
      }
    ],
    "isTemplate": false,
    "count": 0,
    "updated": 0
  },
  {
    "id": "eb84c1a6-d73c-4aab-b978-aaddc3e871cc",
    "data": [
      {
        "text": "결과",
        "userDefined": false
      }
    ],
    "isTemplate": false,
    "count": 0,
    "updated": 0
  },
  {
    "id": "25999d80-e1b3-4b6e-8061-7b6bccfa0a20",
    "data": [
      {
        "text": "검사",
        "userDefined": false
      }
    ],
    "isTemplate": false,
    "count": 1,
    "updated": 0
  },
  {
    "id": "96ec928d-8a27-4ca9-91aa-107a3ae11bf0",
    "data": [
      {
        "text": "시험",
        "userDefined": false
      }
    ],
    "isTemplate": false,
    "count": 1,
    "updated": 0
  }
]