[
  {
    "id": "617dce30-851d-42d9-95f7-72eea6b40419",
    "data": [
      {
        "text": "ENTJ",
        "alias": "character",
        "meta": "@sys.any",
        "userDefined": true
      }
    ],
    "isTemplate": false,
    "count": 0,
    "updated": 0
  },
  {
    "id": "5cc4b37b-bbf8-41cd-a37b-f1a2b3f60e4e",
    "data": [
      {
        "text": "ESFP",
        "alias": "character",
        "meta": "@sys.any",
        "userDefined": true
      }
    ],
    "isTemplate": false,
    "count": 0,
    "updated": 0
  },
  {
    "id": "f4446e33-5e0b-46c9-a42c-6e7d005724e2",
    "data": [
      {
        "text": "ESFJ",
        "alias": "character",
        "meta": "@sys.any",
        "userDefined": true
      }
    ],
    "isTemplate": false,
    "count": 0,
    "updated": 0
  },
  {
    "id": "4708eaab-ef75-4b81-99d0-080aad746075",
    "data": [
      {
        "text": "ENTP",
        "alias": "character",
        "meta": "@sys.any",
        "userDefined": true
      }
    ],
    "isTemplate": false,
    "count": 0,
    "updated": 0
  },
  {
    "id": "be214e8a-1c02-42e1-9bb7-8a7d17f5cca3",
    "data": [
      {
        "text": "ENFP",
        "alias": "character",
        "meta": "@sys.any",
        "userDefined": true
      }
    ],
    "isTemplate": false,
    "count": 0,
    "updated": 0
  },
  {
    "id": "4d6e8bf4-294d-4c84-99f1-5c3a37cd8531",
    "data": [
      {
        "text": "ENFJ",
        "alias": "character",
        "meta": "@sys.any",
        "userDefined": true
      }
    ],
    "isTemplate": false,
    "count": 0,
    "updated": 0
  },
  {
    "id": "1de5bb80-466f-4de3-891d-c96253468380",
    "data": [
      {
        "text": "ESTJ",
        "alias": "character",
        "meta": "@sys.any",
        "userDefined": true
      }
    ],
    "isTemplate": false,
    "count": 2,
    "updated": 0
  },
  {
    "id": "c543fe0b-cb84-4b82-88d5-fcde80fa79dc",
    "data": [
      {
        "text": "ISTP",
        "alias": "character",
        "meta": "@sys.any",
        "userDefined": true
      }
    ],
    "isTemplate": false,
    "count": 0,
    "updated": 0
  },
  {
    "id": "78070d0f-3a95-4acb-aabc-7e8a27a210bb",
    "data": [
      {
        "text": "ISTJ",
        "alias": "character",
        "meta": "@sys.any",
        "userDefined": true
      }
    ],
    "isTemplate": false,
    "count": 0,
    "updated": 0
  },
  {
    "id": "62f06c2f-2e1a-4283-bd93-104a03160520",
    "data": [
      {
        "text": "ISFP",
        "alias": "character",
        "meta": "@sys.any",
        "userDefined": true
      }
    ],
    "isTemplate": false,
    "count": 0,
    "updated": 0
  },
  {
    "id": "6b37da17-d3a4-4de7-87b0-4e93c9c79ea5",
    "data": [
      {
        "text": "ISFJ",
        "alias": "character",
        "meta": "@sys.any",
        "userDefined": true
      }
    ],
    "isTemplate": false,
    "count": 0,
    "updated": 0
  },
  {
    "id": "182816dc-e544-4bba-859d-705b02822bc2",
    "data": [
      {
        "text": "INTP",
        "alias": "character",
        "meta": "@sys.any",
        "userDefined": true
      }
    ],
    "isTemplate": false,
    "count": 0,
    "updated": 0
  },
  {
    "id": "a48cab48-9864-4226-9a69-dbdb6622e58a",
    "data": [
      {
        "text": "INTJ",
        "alias": "character",
        "meta": "@sys.any",
        "userDefined": true
      }
    ],
    "isTemplate": false,
    "count": 0,
    "updated": 0
  },
  {
    "id": "0bc1686f-ced8-4fba-99dd-25bcd2c3a5f9",
    "data": [
      {
        "text": "INFP",
        "alias": "character",
        "meta": "@sys.any",
        "userDefined": true
      }
    ],
    "isTemplate": false,
    "count": 0,
    "updated": 0
  },
  {
    "id": "b3c34fd9-9981-4457-b4cd-7240c0d12c45",
    "data": [
      {
        "text": "INFJ",
        "alias": "character",
        "meta": "@sys.any",
        "userDefined": true
      }
    ],
    "isTemplate": false,
    "count": 0,
    "updated": 0
  },
  {
    "id": "ab240876-37b5-4d90-bbad-e797b30e19e8",
    "data": [
      {
        "text": "ESTP",
        "alias": "character",
        "meta": "@sys.any",
        "userDefined": true
      }
    ],
    "isTemplate": false,
    "count": 0,
    "updated": 0
  }
]