[
  {
    "id": "20a2109f-1ed6-4d86-ba18-32941fd14f02",
    "data": [
      {
        "text": "ENTJ",
        "alias": "character2",
        "meta": "@sys.any",
        "userDefined": true
      }
    ],
    "isTemplate": false,
    "count": 0,
    "updated": 0
  },
  {
    "id": "4b84acde-d89e-4a44-9fd7-213ad376f488",
    "data": [
      {
        "text": "INTJ",
        "alias": "character2",
        "meta": "@sys.any",
        "userDefined": true
      }
    ],
    "isTemplate": false,
    "count": 2,
    "updated": 0
  },
  {
    "id": "01bbfb15-f74c-4a02-b27a-20e84e491bae",
    "data": [
      {
        "text": "ENFJ",
        "alias": "character2",
        "meta": "@sys.any",
        "userDefined": true
      }
    ],
    "isTemplate": false,
    "count": 0,
    "updated": 0
  },
  {
    "id": "fe91ef6c-261f-4a40-a806-8536ea34bfbe",
    "data": [
      {
        "text": "INFJ",
        "alias": "character2",
        "meta": "@sys.any",
        "userDefined": true
      }
    ],
    "isTemplate": false,
    "count": 0,
    "updated": 0
  },
  {
    "id": "e6c2ab3e-3f01-4fc6-bcfb-55e8efbc5478",
    "data": [
      {
        "text": "ENFP",
        "alias": "character2",
        "meta": "@sys.any",
        "userDefined": true
      }
    ],
    "isTemplate": false,
    "count": 0,
    "updated": 0
  },
  {
    "id": "9000a003-f086-4391-abd4-f1b8cbcbac06",
    "data": [
      {
        "text": "INFP",
        "alias": "character2",
        "meta": "@sys.any",
        "userDefined": true
      }
    ],
    "isTemplate": false,
    "count": 0,
    "updated": 0
  },
  {
    "id": "a9347e95-a1d6-4c0e-8fa2-b561400fab24",
    "data": [
      {
        "text": "INTP",
        "alias": "character2",
        "meta": "@sys.any",
        "userDefined": true
      }
    ],
    "isTemplate": false,
    "count": 3,
    "updated": 0
  },
  {
    "id": "b33ac5df-7921-482b-ae8e-7345ddd17943",
    "data": [
      {
        "text": "ESTP",
        "alias": "character2",
        "meta": "@sys.any",
        "userDefined": true
      }
    ],
    "isTemplate": false,
    "count": 0,
    "updated": 0
  },
  {
    "id": "fa0ef157-7eb8-4967-b2da-b3686b01031b",
    "data": [
      {
        "text": "ESFP",
        "alias": "character2",
        "meta": "@sys.any",
        "userDefined": true
      }
    ],
    "isTemplate": false,
    "count": 0,
    "updated": 0
  },
  {
    "id": "ddb7e7be-4d7c-45d2-b359-4f83a2648cda",
    "data": [
      {
        "text": "ESFJ",
        "alias": "character2",
        "meta": "@sys.any",
        "userDefined": true
      }
    ],
    "isTemplate": false,
    "count": 0,
    "updated": 0
  },
  {
    "id": "acb4e8ab-b204-499b-a025-717e9cf7c7eb",
    "data": [
      {
        "text": "ENTP",
        "alias": "character2",
        "meta": "@sys.any",
        "userDefined": true
      }
    ],
    "isTemplate": false,
    "count": 2,
    "updated": 0
  },
  {
    "id": "217cd0c4-08f3-443f-961f-3900c5da83c8",
    "data": [
      {
        "text": "ISTP",
        "alias": "character2",
        "meta": "@sys.any",
        "userDefined": true
      }
    ],
    "isTemplate": false,
    "count": 0,
    "updated": 0
  },
  {
    "id": "874f8983-86aa-44e1-8e18-aa1d23df6eec",
    "data": [
      {
        "text": "ISTJ",
        "alias": "character2",
        "meta": "@sys.any",
        "userDefined": true
      }
    ],
    "isTemplate": false,
    "count": 0,
    "updated": 0
  },
  {
    "id": "a359c198-9387-4239-b762-2c982846a727",
    "data": [
      {
        "text": "ISFP",
        "alias": "character2",
        "meta": "@sys.any",
        "userDefined": true
      }
    ],
    "isTemplate": false,
    "count": 0,
    "updated": 0
  },
  {
    "id": "dd03a4eb-6273-4158-8330-04e7d6347520",
    "data": [
      {
        "text": "ISFJ",
        "alias": "character2",
        "meta": "@sys.any",
        "userDefined": true
      }
    ],
    "isTemplate": false,
    "count": 1,
    "updated": 0
  }
]