[
  {
    "id": "761e3fbb-648e-4bf9-843c-fd76625ea3e6",
    "data": [
      {
        "text": "ISTP",
        "alias": "character",
        "meta": "@sys.any",
        "userDefined": true
      }
    ],
    "isTemplate": false,
    "count": 0,
    "updated": 0
  },
  {
    "id": "e34d9715-502e-4980-96a6-5f7609355f71",
    "data": [
      {
        "text": "ISTJ",
        "alias": "character",
        "meta": "@sys.any",
        "userDefined": true
      }
    ],
    "isTemplate": false,
    "count": 0,
    "updated": 0
  },
  {
    "id": "18d4a93a-fac6-4ae1-b064-991f34c2eddb",
    "data": [
      {
        "text": "ISFP",
        "alias": "character",
        "meta": "@sys.any",
        "userDefined": true
      }
    ],
    "isTemplate": false,
    "count": 0,
    "updated": 0
  },
  {
    "id": "0744f685-51f3-4b8c-ae3f-76a6257b9eb6",
    "data": [
      {
        "text": "ISFJ",
        "alias": "character",
        "meta": "@sys.any",
        "userDefined": true
      }
    ],
    "isTemplate": false,
    "count": 0,
    "updated": 0
  },
  {
    "id": "5134d9f8-26cf-406f-bb14-a417ae820f47",
    "data": [
      {
        "text": "INTP",
        "alias": "character",
        "meta": "@sys.any",
        "userDefined": true
      }
    ],
    "isTemplate": false,
    "count": 0,
    "updated": 0
  },
  {
    "id": "25df6663-ffbb-4abf-8479-4f721e8e071c",
    "data": [
      {
        "text": "INTJ",
        "alias": "character",
        "meta": "@sys.any",
        "userDefined": true
      }
    ],
    "isTemplate": false,
    "count": 0,
    "updated": 0
  },
  {
    "id": "428cd8a1-ef3d-4189-9e7d-a3186976daa4",
    "data": [
      {
        "text": "INFP",
        "alias": "character",
        "meta": "@sys.any",
        "userDefined": true
      }
    ],
    "isTemplate": false,
    "count": 0,
    "updated": 0
  },
  {
    "id": "7e889da9-8055-4722-917c-6399a205896c",
    "data": [
      {
        "text": "INFJ",
        "alias": "character",
        "meta": "@sys.any",
        "userDefined": true
      }
    ],
    "isTemplate": false,
    "count": 0,
    "updated": 0
  },
  {
    "id": "480cf9e1-7734-438a-8305-1b2f0fd3e667",
    "data": [
      {
        "text": "ESTP",
        "alias": "character",
        "meta": "@sys.any",
        "userDefined": true
      }
    ],
    "isTemplate": false,
    "count": 0,
    "updated": 0
  },
  {
    "id": "555b9300-1ed1-4639-9b1e-51cc0eac338a",
    "data": [
      {
        "text": "ESTJ",
        "alias": "character",
        "meta": "@sys.any",
        "userDefined": true
      }
    ],
    "isTemplate": false,
    "count": 0,
    "updated": 0
  },
  {
    "id": "6849822f-b8e3-4f03-a7d7-098ac17bb8ce",
    "data": [
      {
        "text": "ESFP",
        "alias": "character",
        "meta": "@sys.any",
        "userDefined": true
      }
    ],
    "isTemplate": false,
    "count": 0,
    "updated": 0
  },
  {
    "id": "ee2f0917-55ae-4e8b-b105-93c1b1785806",
    "data": [
      {
        "text": "ESFJ",
        "alias": "character",
        "meta": "@sys.any",
        "userDefined": true
      }
    ],
    "isTemplate": false,
    "count": 0,
    "updated": 0
  },
  {
    "id": "22d37090-9c51-4e5d-b99b-53e6af4b1005",
    "data": [
      {
        "text": "ENTP",
        "alias": "character",
        "meta": "@sys.any",
        "userDefined": true
      }
    ],
    "isTemplate": false,
    "count": 0,
    "updated": 0
  },
  {
    "id": "1beafc9e-f578-48ee-8fe9-d2b5c9863307",
    "data": [
      {
        "text": "ENFP",
        "alias": "character",
        "meta": "@sys.any",
        "userDefined": true
      }
    ],
    "isTemplate": false,
    "count": 0,
    "updated": 0
  },
  {
    "id": "f93f6a73-26ae-4a0a-99f6-91b339f17853",
    "data": [
      {
        "text": "ENFJ",
        "alias": "character",
        "meta": "@sys.any",
        "userDefined": true
      }
    ],
    "isTemplate": false,
    "count": 0,
    "updated": 0
  },
  {
    "id": "cfa97662-51d8-4668-b4c1-ea37bb600f82",
    "data": [
      {
        "text": "ENTJ",
        "alias": "character",
        "meta": "@sys.any",
        "userDefined": true
      }
    ],
    "isTemplate": false,
    "count": 0,
    "updated": 0
  }
]